BET,SKJ,YFT,ALB
56.18936077777778,28.125280888888888,611.4476557777778,1806.6126758888888
